	Threshold	Precision	Recall	f1_score
0.0	0.40244781970977783	0.8987341772151899	0.6208267090620032	0.7343676539727316
1.0	0.40366578102111816	0.8986175115207373	0.6200317965023847	0.7337723424270931
2.0	0.4039408564567566	0.8985005767012687	0.6192368839427663	0.7331764705882353
3.0	0.408450186252594	0.8983833718244804	0.6189339697692919	0.7329251059821008
4.0	0.4087008535861969	0.8994219653179191	0.6189339697692919	0.7332704995287465
5.0	0.4103989601135254	0.8993055555555556	0.6181384248210023	0.7326732673267327
6.0	0.4124465882778168	0.9003476245654692	0.6181384248210023	0.7330188679245282
7.0	0.42451024055480957	0.9013921113689095	0.6181384248210023	0.7333647947144879
8.0	0.42725175619125366	0.9012775842044135	0.6173428798727129	0.732766761095373
9.0	0.42933598160743713	0.9023255813953488	0.6173428798727129	0.7331128956069909
10.0	0.4309268593788147	0.9033760186263097	0.6173428798727129	0.7334593572778828
11.0	0.43106570839881897	0.9044289044289044	0.6173428798727129	0.7338061465721041
12.0	0.43438008427619934	0.9043173862310385	0.6165473349244233	0.7332071901608326
13.0	0.43462392687797546	0.9042056074766355	0.6157517899761337	0.7326076668244202
14.0	0.43973714113235474	0.9052631578947369	0.6157517899761337	0.7329545454545455
15.0	0.44017598032951355	0.905152224824356	0.6149562450278441	0.7323543344386547
16.0	0.4405362606048584	0.9050410316529894	0.6141607000795545	0.7317535545023697
17.0	0.4502846598625183	0.9049295774647887	0.6133651551312649	0.7311522048364153
18.0	0.45317357778549194	0.9048178613396005	0.6125696101829753	0.730550284629981
19.0	0.4532446265220642	0.9047058823529411	0.6117740652346858	0.7299477930707167
20.0	0.4549669623374939	0.9045936395759717	0.6109785202863962	0.7293447293447294
21.0	0.459599107503891	0.9044811320754716	0.6101829753381066	0.7287410926365795
22.0	0.46248435974121094	0.9043683589138135	0.609387430389817	0.7281368821292775
23.0	0.4639218747615814	0.9042553191489362	0.6085918854415274	0.7275320970042797
24.0	0.4661397933959961	0.9041420118343195	0.6077963404932378	0.7269267364414842
25.0	0.46839624643325806	0.9040284360189573	0.6070007955449482	0.7263207996192288
26.0	0.47105422616004944	0.9051008303677343	0.6070007955449482	0.7266666666666666
27.0	0.47233495116233826	0.9061757719714965	0.6070007955449482	0.7270128632682229
28.0	0.47292405366897583	0.906064209274673	0.6062052505966588	0.7264061010486177
29.0	0.4748865067958832	0.9071428571428571	0.6062052505966588	0.726752503576538
30.0	0.47620537877082825	0.9070321811680572	0.6054097056483692	0.7261450381679388
31.0	0.47653043270111084	0.9081145584725537	0.6054097056483692	0.7264916467780431
32.0	0.47852441668510437	0.9091995221027479	0.6054097056483692	0.7268385864374403
33.0	0.4803195595741272	0.9090909090909091	0.6046141607000796	0.7262302914476827
34.0	0.48402437567710876	0.9101796407185628	0.6046141607000796	0.7265774378585087
35.0	0.48443570733070374	0.9112709832134293	0.6046141607000796	0.7269249163079866
36.0	0.4853629171848297	0.9123649459783914	0.6046141607000796	0.7272727272727272
37.0	0.4875530004501343	0.9122596153846154	0.60381861575179	0.7266634753470561
38.0	0.4883371889591217	0.9121540312876053	0.6030230708035004	0.7260536398467432
39.0	0.4894126057624817	0.9120481927710843	0.6022275258552108	0.725443219932918
40.0	0.49237585067749023	0.9119420989143546	0.6014319809069213	0.7248322147651007
41.0	0.49454885721206665	0.9118357487922706	0.6006364359586317	0.724220623501199
42.0	0.4945794939994812	0.9117291414752116	0.5998408910103421	0.7236084452975048
43.0	0.49763792753219604	0.9116222760290557	0.5990453460620525	0.7229956793086895
44.0	0.4984540343284607	0.9127272727272727	0.5990453460620525	0.723342939481268
45.0	0.49898210167884827	0.9138349514563107	0.5990453460620525	0.7236905333974051
46.0	0.5022393465042114	0.913730255164034	0.5982498011137629	0.7230769230769231
47.0	0.5055555701255798	0.9136253041362531	0.5974542561654733	0.7224627224627224
48.0	0.5095008015632629	0.9147381242387332	0.5974542561654733	0.7228103946102021
49.0	0.5095393061637878	0.9146341463414634	0.5966587112171837	0.7221954742416947
50.0	0.5109455585479736	0.9145299145299145	0.5958631662688942	0.7215799614643547
51.0	0.5116623640060425	0.9144254278728606	0.5950676213206046	0.7209638554216867
52.0	0.5130335688591003	0.9155446756425949	0.5950676213206046	0.7213114754098362
53.0	0.514106035232544	0.9154411764705882	0.5947452229299363	0.721042471042471
54.0	0.5177496075630188	0.9153374233128835	0.5939490445859873	0.7204249154997586
55.0	0.520308792591095	0.9152334152334153	0.5931528662420382	0.7198067632850242
56.0	0.5225861072540283	0.9163591635916359	0.5931528662420382	0.7201546640889318
57.0	0.5230298638343811	0.916256157635468	0.5923566878980892	0.7195357833655706
58.0	0.5234562158584595	0.9161528976572133	0.5915605095541401	0.7189163038219641
59.0	0.5263159871101379	0.9160493827160494	0.5907643312101911	0.718296224588577
60.0	0.5313379168510437	0.9171817058096415	0.5907643312101911	0.7186440677966102
61.0	0.5320484042167664	0.9183168316831684	0.5907643312101911	0.7189922480620156
62.0	0.5339698791503906	0.9182156133828996	0.589968152866242	0.7183713039263208
63.0	0.5345746278762817	0.9181141439205955	0.589171974522293	0.7177497575169738
64.0	0.5346400141716003	0.9192546583850931	0.589171974522293	0.7180980106744298
65.0	0.5348666310310364	0.9191542288557214	0.5883757961783439	0.7174757281553398
66.0	0.537460446357727	0.9190535491905355	0.5880478087649402	0.717201166180758
67.0	0.5380097031593323	0.9189526184538653	0.5872509960159362	0.7165775401069518
68.0	0.5387738347053528	0.9188514357053683	0.5864541832669322	0.7159533073929961
69.0	0.5390574932098389	0.91875	0.5856573705179283	0.7153284671532846
70.0	0.5485560297966003	0.9198998748435544	0.5856573705179283	0.7156767283349561
71.0	0.5500659942626953	0.9210526315789473	0.5856573705179283	0.7160253287871408
72.0	0.5611225366592407	0.9222082810539524	0.5856573705179283	0.716374269005848
73.0	0.5612450242042542	0.9221105527638191	0.5853269537480064	0.7160975609756098
74.0	0.5617188811302185	0.9232704402515723	0.5853269537480064	0.716447047340166
75.0	0.5620952248573303	0.924433249370277	0.5853269537480064	0.716796875
76.0	0.5621727108955383	0.9255989911727617	0.5853269537480064	0.7171470444553003
77.0	0.5664106607437134	0.9255050505050505	0.5845295055821371	0.7165200391006843
78.0	0.5673796534538269	0.9254108723135271	0.5851318944844125	0.7169441723800196
79.0	0.5678182244300842	0.9253164556962026	0.5843325339728217	0.7163155316021558
80.0	0.5685345530509949	0.9252217997465145	0.583533173461231	0.7156862745098038
81.0	0.5688854455947876	0.9251269035532995	0.5827338129496403	0.7150564001961747
82.0	0.5721365809440613	0.9250317662007624	0.5828662930344275	0.7151277013752455
83.0	0.5722799301147461	0.9249363867684478	0.5820656525220176	0.7144963144963145
84.0	0.572424590587616	0.9248407643312102	0.5812650120096077	0.7138643067846607
85.0	0.5745164752006531	0.9247448979591837	0.5804643714971978	0.7132316773241515
86.0	0.5759747624397278	0.9259259259259259	0.5804643714971978	0.7135826771653544
87.0	0.5807992219924927	0.9258312020460358	0.5796637309847879	0.7129492860659773
88.0	0.5813875794410706	0.9257362355953905	0.5788630904723779	0.7123152709359606
89.0	0.583945095539093	0.9256410256410257	0.5789895749799518	0.7123828317710903
90.0	0.5851262807846069	0.926829268292683	0.5789895749799518	0.7127344521224087
91.0	0.5863970518112183	0.9267352185089974	0.5781876503608661	0.7120987654320987
92.0	0.5869777202606201	0.9266409266409267	0.5778491171749599	0.7118141374196738
93.0	0.5932058095932007	0.9278350515463918	0.5778491171749599	0.712166172106825
94.0	0.5938919186592102	0.927741935483871	0.5770465489566613	0.7115289460663038
95.0	0.5949022769927979	0.9276485788113695	0.5762439807383628	0.710891089108911
96.0	0.5958040952682495	0.9288486416558862	0.5762439807383628	0.7112431896978704
97.0	0.5958048105239868	0.9287564766839378	0.5754414125200642	0.7106045589692764
98.0	0.5960183143615723	0.9286640726329443	0.5760257441673371	0.7110228401191658
99.0	0.59787517786026	0.9285714285714286	0.5752212389380531	0.7103825136612022
100.0	0.5986141562461853	0.9284785435630689	0.5744167337087691	0.709741550695825
101.0	0.6001377105712891	0.9283854166666666	0.5736122284794851	0.7090999502734957
102.0	0.6032092571258545	0.9282920469361148	0.5728077232502011	0.708457711442786
103.0	0.6039695143699646	0.9281984334203656	0.5720032180209171	0.7078148332503733
104.0	0.6066336035728455	0.9281045751633987	0.5711987127916331	0.7071713147410359
105.0	0.6073310971260071	0.9280104712041884	0.5703942075623492	0.7065271549576484
106.0	0.6099423170089722	0.927916120576671	0.5695897023330652	0.7058823529411764
107.0	0.6113914251327515	0.9278215223097113	0.5687851971037812	0.7052369077306734
108.0	0.6115597486495972	0.9277266754270697	0.5688960515713135	0.7052947052947054
109.0	0.6123931407928467	0.9276315789473685	0.5680902497985496	0.704647676161919
110.0	0.6151648163795471	0.927536231884058	0.5672844480257857	0.704
111.0	0.6169249415397644	0.9274406332453826	0.5664786462530218	0.7033516758379189
112.0	0.6178659200668335	0.9273447820343461	0.5656728444802579	0.7027027027027027
113.0	0.6190903186798096	0.9272486772486772	0.564867042707494	0.7020530796194292
114.0	0.6194062829017639	0.9271523178807947	0.5640612409347301	0.7014028056112225
115.0	0.6202287077903748	0.9270557029177718	0.5632554391619662	0.7007518796992482
116.0	0.6236335039138794	0.9282868525896414	0.5632554391619662	0.7011033099297893
117.0	0.624755859375	0.9281914893617021	0.5624496373892023	0.7004515805318614
118.0	0.625140905380249	0.9280958721704394	0.5620967741935484	0.7001506780512307
119.0	0.6276673078536987	0.928	0.5612903225806452	0.699497487437186
120.0	0.6278896927833557	0.9279038718291055	0.561389337641357	0.6995470558631102
121.0	0.6280494928359985	0.929144385026738	0.561389337641357	0.6998992950654582
122.0	0.6345936059951782	0.92904953145917	0.561034761519806	0.6995967741935483
123.0	0.634605884552002	0.9289544235924933	0.5602263540824576	0.6989409984871406
124.0	0.635384202003479	0.9288590604026845	0.5594179466451091	0.698284561049445
125.0	0.6354945302009583	0.928763440860215	0.5586095392077607	0.6976274608783443
126.0	0.6360805034637451	0.9286675639300135	0.5578011317704122	0.696969696969697
127.0	0.6371750235557556	0.9299191374663073	0.5578011317704122	0.6973218797372409
128.0	0.6381974220275879	0.9298245614035088	0.5569927243330639	0.6966632962588474
129.0	0.6398452520370483	0.9297297297297298	0.5561843168957155	0.6960040465351542
130.0	0.6403158903121948	0.9296346414073072	0.555375909458367	0.6953441295546559
131.0	0.6419106125831604	0.9295392953929539	0.5545675020210186	0.6946835443037975
132.0	0.6420539021492004	0.9308005427408412	0.5545675020210186	0.6950354609929077
133.0	0.6422978639602661	0.9320652173913043	0.5545675020210186	0.695387734414597
134.0	0.6442945599555969	0.9319727891156463	0.5537590945836701	0.6947261663286004
135.0	0.6460418701171875	0.9318801089918256	0.5529506871463218	0.6940639269406392
136.0	0.6470930576324463	0.931787175989086	0.5521422797089733	0.6934010152284263
137.0	0.6506036520004272	0.9316939890710383	0.5522267206477732	0.6934417895271987
138.0	0.6511300802230835	0.93296853625171	0.5522267206477732	0.6937945066124109
139.0	0.6521345973014832	0.9328767123287671	0.551417004048583	0.6931297709923664
140.0	0.6532473564147949	0.9327846364883402	0.5506072874493927	0.6924643584521385
141.0	0.653805673122406	0.9326923076923077	0.5497975708502024	0.6917982679572083
142.0	0.6557581424713135	0.9325997248968363	0.5489878542510122	0.691131498470948
143.0	0.6619754433631897	0.9325068870523416	0.5481781376518219	0.6904640489546151
144.0	0.6648281216621399	0.9324137931034483	0.5473684210526316	0.689795918367347
145.0	0.6666901111602783	0.9337016574585635	0.5473684210526316	0.6901480347115876
146.0	0.6685216426849365	0.9336099585062241	0.5465587044534413	0.6894790602655771
147.0	0.6693243384361267	0.9335180055401662	0.545748987854251	0.6888094021461421
148.0	0.6697680354118347	0.9334257975034674	0.5449392712550607	0.6881390593047034
149.0	0.6712784767150879	0.9333333333333333	0.5441295546558704	0.6874680306905371
150.0	0.6740144491195679	0.933240611961057	0.5433198380566802	0.6867963152507677
151.0	0.6741693615913391	0.9345403899721448	0.5433198380566802	0.6871479774705581
152.0	0.6761147379875183	0.9344490934449093	0.5425101214574899	0.6864754098360656
153.0	0.6766461133956909	0.9357541899441341	0.5425101214574899	0.6868272680676577
154.0	0.677861750125885	0.9356643356643357	0.5425790754257908	0.686858316221766
155.0	0.6779286861419678	0.9355742296918768	0.5426482534524777	0.6868894601542417
156.0	0.6790816783905029	0.9354838709677419	0.5418359057676686	0.6862139917695473
157.0	0.6795467138290405	0.9353932584269663	0.5419039869812856	0.6862442040185471
158.0	0.6799359917640686	0.9367088607594937	0.5419039869812856	0.6865979381443298
159.0	0.6833693981170654	0.9366197183098591	0.5410903173311635	0.6859205776173285
160.0	0.6839565634727478	0.9365303244005642	0.5402766476810414	0.6852425180598555
161.0	0.684503436088562	0.9378531073446328	0.5402766476810414	0.6855962829117191
162.0	0.6851618885993958	0.9377652050919377	0.5394629780309195	0.6849173553719008
163.0	0.6851779222488403	0.9390934844192634	0.5394629780309195	0.6852713178294574
164.0	0.6861833333969116	0.9390070921985816	0.5386493083807974	0.6845915201654601
165.0	0.6867923140525818	0.9389204545454546	0.5378356387306753	0.6839110191412312
166.0	0.6869683861732483	0.9388335704125178	0.5370219690805533	0.6832298136645963
167.0	0.6888564229011536	0.9387464387464387	0.5362082994304312	0.6825479026411185
168.0	0.6916747093200684	0.9400855920114123	0.5362082994304312	0.6829015544041451
169.0	0.6917904615402222	0.94	0.5353946297803092	0.6822187662001037
170.0	0.6934574246406555	0.9399141630901288	0.5345809601301872	0.6815352697095436
171.0	0.6937327980995178	0.9398280802292264	0.5337672904800651	0.6808510638297872
172.0	0.6941927671432495	0.93974175035868	0.5338223308883455	0.6808731808731808
173.0	0.694512665271759	0.9396551724137931	0.5343137254901961	0.6812500000000001
174.0	0.6954687237739563	0.9410071942446043	0.5343137254901961	0.6816050026055238
175.0	0.6954706311225891	0.9409221902017291	0.5348075348075348	0.6819843342036553
176.0	0.6956260204315186	0.9408369408369408	0.533988533988534	0.6812957157784744
177.0	0.6960033774375916	0.9407514450867052	0.5331695331695332	0.6806063774176685
178.0	0.6962583661079407	0.9406657018813314	0.5323505323505323	0.6799163179916318
179.0	0.6968807578086853	0.9405797101449276	0.5315315315315315	0.6792255363683936
180.0	0.6970040202140808	0.9404934687953556	0.5307125307125307	0.6785340314136126
181.0	0.6987285614013672	0.9418604651162791	0.5307125307125307	0.678889470927187
182.0	0.6989167332649231	0.9417758369723436	0.5298935298935299	0.6781970649895178
183.0	0.699066162109375	0.9431486880466472	0.5307629204265791	0.679265091863517
184.0	0.7007589340209961	0.9445255474452555	0.5316351684470009	0.6803364879074659
185.0	0.701078474521637	0.9444444444444444	0.5308134757600658	0.6796422935297213
186.0	0.7022168040275574	0.9443631039531479	0.5299917830731307	0.6789473684210527
187.0	0.704714298248291	0.9442815249266863	0.5291700903861956	0.6782517114270669
188.0	0.7063912749290466	0.9456681350954479	0.5291700903861956	0.6786090621707059
189.0	0.7068963050842285	0.9455882352941176	0.5292181069958848	0.6786279683377309
190.0	0.7069652080535889	0.9455081001472754	0.528395061728395	0.6779303062302006
191.0	0.7071942090988159	0.9454277286135693	0.5275720164609053	0.6772319070258848
192.0	0.7073699831962585	0.9453471196454948	0.5276174773289365	0.6772486772486771
193.0	0.7077823281288147	0.9467455621301775	0.5276174773289365	0.6776071995764954
194.0	0.7082672119140625	0.9466666666666667	0.52679307502061	0.676906779661017
195.0	0.7088103890419006	0.9465875370919882	0.5264026402640264	0.6765641569459173
196.0	0.7098109722137451	0.9465081723625557	0.5255775577557755	0.6758620689655171
197.0	0.7102236151695251	0.9464285714285714	0.5247524752475248	0.6751592356687898
198.0	0.7116580009460449	0.9478390461997019	0.5247524752475248	0.6755177907594264
199.0	0.7136134505271912	0.9492537313432836	0.5247524752475248	0.6758767268862912
200.0	0.7146883010864258	0.9491778774289985	0.5239273927392739	0.6751727804359382
201.0	0.7151021957397461	0.9491017964071856	0.5239669421487604	0.6751863684771033
202.0	0.7167322635650635	0.9490254872563718	0.5231404958677686	0.6744805540756527
203.0	0.7170335650444031	0.9504504504504504	0.5231404958677686	0.6748400852878464
204.0	0.7179839015007019	0.9503759398496241	0.5223140495867769	0.6741333333333334
205.0	0.7190093398094177	0.9518072289156626	0.5223140495867769	0.6744930629669156
206.0	0.7190539240837097	0.9532428355957768	0.5223140495867769	0.6748531767218366
207.0	0.7195331454277039	0.9531722054380665	0.5223509933774835	0.6748663101604279
208.0	0.7210871577262878	0.9546142208774584	0.5223509933774835	0.675227394328518
209.0	0.721450686454773	0.9545454545454546	0.5215231788079471	0.6745182012847966
210.0	0.7216296195983887	0.9544764795144158	0.5206953642384106	0.6738082485270488
211.0	0.7241050004959106	0.9544072948328267	0.5207296849087893	0.6738197424892703
212.0	0.7242790460586548	0.954337899543379	0.5199004975124378	0.6731078904991948
213.0	0.724332869052887	0.9542682926829268	0.5199335548172758	0.6731182795698925
214.0	0.7247576117515564	0.9541984732824428	0.5191029900332226	0.6724045185583647
215.0	0.7248616218566895	0.9541284403669725	0.5182724252491694	0.6716899892357374
216.0	0.7251508235931396	0.9540581929555896	0.5183028286189684	0.6716981132075471
217.0	0.7258018255233765	0.9539877300613497	0.5187656380316931	0.6720691518098326
218.0	0.7260249257087708	0.9554531490015361	0.5187656380316931	0.6724324324324323
219.0	0.7278141975402832	0.9553846153846154	0.517931609674729	0.6717144402379664
220.0	0.7285281419754028	0.9553158705701078	0.5170975813177648	0.670995670995671
221.0	0.7304692268371582	0.9552469135802469	0.5162635529608006	0.6702761234434218
222.0	0.7311270236968994	0.955177743431221	0.5167224080267558	0.6706456863809006
223.0	0.7327267527580261	0.955108359133127	0.5158862876254181	0.6699239956568946
224.0	0.7337654829025269	0.9565891472868217	0.5158862876254181	0.6702878870179251
225.0	0.7340789437294006	0.9565217391304348	0.5150501672240803	0.6695652173913044
226.0	0.7341006994247437	0.9564541213063764	0.5142140468227425	0.66884176182708
227.0	0.7341299653053284	0.9579439252336449	0.5142140468227425	0.6692056583242655
228.0	0.7356209754943848	0.9594383775351014	0.5142140468227425	0.6695699510070768
229.0	0.735626220703125	0.959375	0.5138075313807532	0.6692098092643052
230.0	0.7365297675132751	0.9593114241001565	0.5129707112970712	0.6684841875681571
231.0	0.7368689775466919	0.9592476489028213	0.5129924559932942	0.6684871654833425
232.0	0.736894965171814	0.9591836734693877	0.512154233025985	0.66775956284153
233.0	0.7373352646827698	0.9591194968553459	0.5113160100586757	0.6670311645708038
234.0	0.737873911857605	0.9590551181102362	0.5117647058823529	0.6673972602739726
235.0	0.7404332160949707	0.9589905362776026	0.5122156697556866	0.6677649643053267
236.0	0.7431144714355469	0.9589257503949447	0.5113732097725358	0.6670329670329671
237.0	0.743304431438446	0.9588607594936709	0.5118243243243243	0.6674008810572688
238.0	0.7437565326690674	0.9603803486529319	0.5126903553299492	0.6685052399338113
239.0	0.7446269989013672	0.9603174603174603	0.5127118644067796	0.6685082872928177
240.0	0.7449523210525513	0.9602543720190779	0.5127334465195246	0.6685113447703375
241.0	0.7455817461013794	0.9601910828025477	0.5127551020408163	0.6685144124168514
242.0	0.746430516242981	0.960127591706539	0.5127768313458262	0.6685174902831759
243.0	0.7489261627197266	0.9600638977635783	0.5119250425894378	0.6677777777777778
244.0	0.749549150466919	0.96	0.5110732538330494	0.6670372429127293
245.0	0.7510645389556885	0.9599358974358975	0.510221465076661	0.6662958843159066
246.0	0.7527720928192139	0.9598715890850722	0.5102389078498294	0.6662952646239554
247.0	0.753225564956665	0.9598070739549839	0.5106928999144568	0.6666666666666666
248.0	0.753847599029541	0.9597423510466989	0.5111492281303602	0.6670397313933968
249.0	0.7557822465896606	0.9612903225806452	0.5111492281303602	0.6674132138857783
250.0	0.7558783888816833	0.9612277867528272	0.511168384879725	0.6674144699943915
251.0	0.7564820647239685	0.9611650485436893	0.5103092783505154	0.6666666666666666
252.0	0.7572753429412842	0.9611021069692058	0.5103270223752151	0.6666666666666666
253.0	0.7582384943962097	0.961038961038961	0.5103448275862069	0.6666666666666666
254.0	0.7583523988723755	0.9609756097560975	0.5094827586206897	0.6659154929577465
255.0	0.7585749626159668	0.9609120521172638	0.5090595340811044	0.6655386350817822
256.0	0.7601062655448914	0.9608482871125612	0.509515570934256	0.6659129451667609
257.0	0.7602057456970215	0.9607843137254902	0.5099739809193409	0.6662889518413597
258.0	0.7605639100074768	0.9607201309328969	0.5104347826086957	0.6666666666666667
259.0	0.7614420056343079	0.9606557377049181	0.5108979947689625	0.6670461013090495
260.0	0.7623957395553589	0.9622331691297209	0.5108979947689625	0.6674259681093393
261.0	0.7629008889198303	0.9638157894736842	0.5117903930131005	0.6685681688533941
262.0	0.7638290524482727	0.9637561779242174	0.5118110236220472	0.6685714285714286
263.0	0.764779806137085	0.9636963696369637	0.510936132983377	0.6678101772441395
264.0	0.7650386095046997	0.9652892561983472	0.510936132983377	0.6681922196796339
265.0	0.7660516500473022	0.9652317880794702	0.510061242344707	0.6674298797939325
266.0	0.7691690921783447	0.9651741293532339	0.5091863517060368	0.6666666666666667
267.0	0.7702138423919678	0.9651162790697675	0.5096491228070176	0.6670493685419059
268.0	0.7713811993598938	0.9650582362728786	0.5101143359718557	0.6674338319907939
269.0	0.7714173197746277	0.9666666666666667	0.5101143359718557	0.667818077144502
270.0	0.7714383602142334	0.9666110183639399	0.5105820105820106	0.6682054241200232
271.0	0.7718349695205688	0.9665551839464883	0.51105216622458	0.6685945633314054
272.0	0.7722794413566589	0.966499162479062	0.5101679929266136	0.6678240740740741
273.0	0.7725557088851929	0.9664429530201343	0.5097345132743363	0.6674391657010429
274.0	0.7729818820953369	0.9663865546218487	0.5088495575221239	0.6666666666666667
275.0	0.7740573287010193	0.9663299663299664	0.5079646017699115	0.665893271461717
276.0	0.7741938233375549	0.9662731871838112	0.5075287865367581	0.6655052264808362
277.0	0.7754738926887512	0.9662162162162162	0.5066430469441984	0.6647298082510169
278.0	0.7764734625816345	0.9661590524534687	0.5057573073516386	0.663953488372093
279.0	0.7769192457199097	0.9661016949152542	0.5053191489361702	0.6635622817229336
280.0	0.7781119346618652	0.966044142614601	0.5053285968028419	0.6635568513119534
281.0	0.7793986797332764	0.9659863945578231	0.5044404973357016	0.6627771295215871
282.0	0.7808877229690552	0.9659284497444633	0.5044483985765125	0.6627703097603741
283.0	0.7815880179405212	0.9675767918088737	0.5044483985765125	0.6631578947368422
284.0	0.7830466628074646	0.9675213675213675	0.50355871886121	0.6623756582796958
285.0	0.7841944694519043	0.9674657534246576	0.5031166518254675	0.6619800820152314
286.0	0.7853029370307922	0.967409948542024	0.5035714285714286	0.6623605402231356
287.0	0.7856005430221558	0.9673539518900344	0.5035778175313059	0.6623529411764707
288.0	0.7858315110206604	0.9672977624784854	0.5026833631484794	0.6615656268393172
289.0	0.7862066626548767	0.9672413793103448	0.501788908765653	0.6607773851590106
290.0	0.7864568829536438	0.9671848013816926	0.5008944543828264	0.6599882144961696
291.0	0.7864646315574646	0.967128027681661	0.5	0.6591981132075472
292.0	0.7866952419281006	0.9670710571923743	0.4991055456171735	0.6584070796460176
293.0	0.7867457866668701	0.9670138888888888	0.49821109123434704	0.6576151121605667
294.0	0.787770688533783	0.9669565217391304	0.49731663685152055	0.6568222090962788
295.0	0.7907315492630005	0.9686411149825784	0.49731663685152055	0.6572104018912529
296.0	0.7922532558441162	0.9685863874345549	0.4968666069829902	0.6568047337278107
297.0	0.7928550243377686	0.9702797202797203	0.4968666069829902	0.6571936056838366
298.0	0.7944800853729248	0.9702276707530648	0.4959713518352731	0.6563981042654028
299.0	0.7960706949234009	0.9701754385964912	0.495076096687556	0.6556016597510375
300.0	0.7975730299949646	0.9718804920913884	0.4959641255605381	0.6567695961995249
301.0	0.7984634041786194	0.971830985915493	0.49595687331536387	0.6567519333729922
302.0	0.7990607619285583	0.9717813051146384	0.4963963963963964	0.6571258199165175
303.0	0.7998383641242981	0.9717314487632509	0.4954954954954955	0.6563245823389021
304.0	0.8014403581619263	0.9716814159292035	0.4945945945945946	0.6555223880597015
305.0	0.8023830056190491	0.9716312056737588	0.4936936936936937	0.6547192353643966
306.0	0.8042654991149902	0.9733570159857904	0.4950316169828365	0.6562874251497006
307.0	0.8042879700660706	0.9750889679715302	0.4950316169828365	0.6566806470940683
308.0	0.8050941228866577	0.9750445632798574	0.4954710144927536	0.6570570570570571
309.0	0.8059431314468384	0.975	0.4954627949183303	0.6570397111913358
310.0	0.8060728311538696	0.9749552772808586	0.4945553539019964	0.6562311860325105
311.0	0.8072460889816284	0.974910394265233	0.4940962761126249	0.6558167570825798
312.0	0.8080184459686279	0.9748653500897666	0.49453551912568305	0.6561933534743202
313.0	0.8080401420593262	0.9766187050359713	0.4958904109589041	0.6577831617201696
314.0	0.8112000226974487	0.9765765765765766	0.4949771689497717	0.6569696969696969
315.0	0.8135645985603333	0.9783393501805054	0.4949771689497717	0.6573681018799272
316.0	0.814251720905304	0.9783001808318263	0.494967978042086	0.6573511543134872
317.0	0.8150083422660828	0.9782608695652174	0.4945054945054945	0.6569343065693432
318.0	0.8156870007514954	0.9800362976406534	0.4954128440366973	0.6581352833638027
319.0	0.8178685903549194	0.9818181818181818	0.4954128440366973	0.6585365853658537
320.0	0.8181746006011963	0.9817850637522769	0.494949494949495	0.6581196581196581
321.0	0.8184006810188293	0.9817518248175182	0.49494020239190434	0.6581039755351682
322.0	0.8190401196479797	0.9817184643510055	0.49402023919043236	0.6572827417380661
323.0	0.8194952607154846	0.9816849816849816	0.4944649446494465	0.6576687116564417
324.0	0.8205205798149109	0.9834862385321101	0.4944649446494465	0.658072437077962
325.0	0.8212000131607056	0.9834558823529411	0.49491211840888066	0.6584615384615384
326.0	0.8219749927520752	0.9834254143646409	0.49536178107606677	0.6588525601480567
327.0	0.8222825527191162	0.9833948339483395	0.49535315985130113	0.6588380716934487
328.0	0.8226134181022644	0.9833641404805915	0.4944237918215613	0.658008658008658
329.0	0.8227207660675049	0.9833333333333333	0.49441340782122906	0.657992565055762
330.0	0.8236180543899536	0.9833024118738405	0.49486461251167135	0.6583850931677019
331.0	0.823707103729248	0.983271375464684	0.4939309056956116	0.6575512740832815
332.0	0.8256564736366272	0.9832402234636871	0.4939195509822264	0.6575342465753424
333.0	0.8266076445579529	0.9832089552238806	0.4939081537019681	0.6575171553337492
334.0	0.8266468644142151	0.983177570093458	0.492970946579194	0.6566791510611735
335.0	0.8267509341239929	0.9831460674157303	0.4934210526315789	0.6570713391739674
336.0	0.8271983861923218	0.9831144465290806	0.4938737040527804	0.657465495608532
337.0	0.8277521729469299	0.9830827067669173	0.4943289224952741	0.6578616352201258
338.0	0.828032374382019	0.9830508474576272	0.4938505203405866	0.6574307304785895
339.0	0.8289319276809692	0.9830188679245283	0.4938388625592417	0.6574132492113565
340.0	0.8326339721679688	0.9848771266540642	0.4938388625592417	0.6578282828282828
341.0	0.8330778479576111	0.9848484848484849	0.4928909952606635	0.65698041692988
342.0	0.8333108425140381	0.9848197343453511	0.4919431279620853	0.6561314791403287
343.0	0.8335690498352051	0.9847908745247148	0.4919278252611586	0.6561114629512349
344.0	0.8338136672973633	0.9847619047619047	0.49238095238095236	0.6565079365079365
345.0	0.835457980632782	0.9866412213740458	0.49238095238095236	0.6569250317662008
346.0	0.8358234167098999	0.9866156787762906	0.4918970448045758	0.6564885496183206
347.0	0.8364771008491516	0.9865900383141762	0.4918815663801337	0.6564690885914595
348.0	0.8376344442367554	0.9865642994241842	0.4909264565425024	0.6556122448979592
349.0	0.837931215763092	0.9884615384615385	0.4909264565425024	0.6560306317804722
350.0	0.8381960988044739	0.9903660886319846	0.4909264565425024	0.6564495530012772
351.0	0.8390451669692993	0.9903474903474904	0.49137931034482757	0.6568501920614597
352.0	0.8402130007743835	0.9903288201160542	0.4918347742555235	0.6572528883183568
353.0	0.8408737182617188	0.9903100775193798	0.4908741594620557	0.6563904945407835
354.0	0.8421640992164612	0.9902912621359223	0.4899135446685879	0.6555269922879178
355.0	0.8446571230888367	0.9902723735408561	0.48895292987512007	0.6546623794212219
356.0	0.8447554111480713	0.9902534113060428	0.48893166506256014	0.654639175257732
357.0	0.8448352217674255	0.990234375	0.4893822393822394	0.6550387596899225
358.0	0.8459176421165466	0.9902152641878669	0.48936170212765956	0.6550161812297735
359.0	0.8459201455116272	0.9901960784313726	0.4888673765730881	0.6545690213869086
360.0	0.8469404578208923	0.9901768172888016	0.4893203883495146	0.6549707602339182
361.0	0.8476276993751526	0.9901574803149606	0.4883495145631068	0.6540962288686606
362.0	0.8488542437553406	0.9901380670611439	0.4878522837706511	0.6536458333333333
363.0	0.8489329218864441	0.9901185770750988	0.48830409356725146	0.6540469973890339
364.0	0.849338173866272	0.9900990099009901	0.4873294346978557	0.6531678641410842
365.0	0.8497496247291565	0.9920634920634921	0.4873294346978557	0.6535947712418301
366.0	0.8518177270889282	0.9920477137176938	0.48778103616813295	0.653997378768021
367.0	0.8525240421295166	0.9940239043824701	0.48778103616813295	0.6544262295081967
368.0	0.8528544306755066	0.9940119760479041	0.4877571008814887	0.6544021024967148
369.0	0.8536147475242615	0.994	0.4872549019607843	0.6539473684210526
370.0	0.8548391461372375	0.9939879759519038	0.4867517173699706	0.6534914361001318
371.0	0.8548678159713745	0.9939759036144579	0.48720472440944884	0.6538969616908851
372.0	0.8578270673751831	0.993963782696177	0.4876604146100691	0.6543046357615895
373.0	0.8582934737205505	0.9939516129032258	0.4866732477788746	0.6534128561961563
374.0	0.8595700860023499	0.9939393939393939	0.48616600790513836	0.6529528865295289
375.0	0.8599042296409607	0.9959514170040485	0.48616600790513836	0.6533864541832669
376.0	0.8605608940124512	0.9959432048681541	0.4851778656126482	0.6524916943521594
377.0	0.8611963391304016	0.9959349593495935	0.48562933597621405	0.652898067954697
378.0	0.8630455732345581	0.9959266802443992	0.4860834990059642	0.6533066132264529
379.0	0.8660331964492798	0.9959183673469387	0.4855721393034826	0.6528428093645484
380.0	0.8671106100082397	0.9959100204498977	0.48602794411177647	0.653252850435949
381.0	0.8688393235206604	0.9959016393442623	0.4864864864864865	0.6536650975117688
382.0	0.869681179523468	0.9958932238193019	0.4854854854854855	0.6527590847913862
383.0	0.870094358921051	0.9958847736625515	0.4859437751004016	0.6531713900134953
384.0	0.8711166977882385	0.9958762886597938	0.486404833836858	0.6535859269282814
385.0	0.8717002272605896	0.9958677685950413	0.4868686868686869	0.6540027137042063
386.0	0.8724086284637451	0.9958592132505176	0.4868421052631579	0.653976886471788
387.0	0.8728965520858765	0.995850622406639	0.4873096446700508	0.65439672801636
388.0	0.8736134767532349	0.9958419958419958	0.4862944162436548	0.6534788540245566
389.0	0.8741391897201538	0.9958333333333333	0.4852791878172589	0.6525597269624573
390.0	0.8743341565132141	0.9958246346555324	0.4847560975609756	0.6520847573479153
391.0	0.8745070099830627	0.99581589958159	0.4842319430315361	0.6516084873374401
392.0	0.8748447299003601	0.9958071278825996	0.4846938775510204	0.6520247083047357
393.0	0.8748987913131714	0.9957983193277311	0.48466257668711654	0.6519944979367264
394.0	0.8750417828559875	0.9957894736842106	0.48512820512820515	0.6524137931034483
395.0	0.8756251335144043	0.9957805907172996	0.48459958932238195	0.6519337016574586
396.0	0.8777504563331604	0.9978858350951374	0.48559670781893005	0.6532871972318339
397.0	0.8778176307678223	0.9978813559322034	0.48606811145510836	0.6537126995142263
398.0	0.8779876232147217	0.9978768577494692	0.4865424430641822	0.6541405706332637
399.0	0.8789520859718323	0.997872340425532	0.48651452282157676	0.6541143654114365
400.0	0.8791305422782898	0.997867803837953	0.4869927159209157	0.6545454545454545
401.0	0.8798969984054565	0.9978632478632479	0.48747390396659707	0.6549789621318373
402.0	0.8799964189529419	0.9978586723768736	0.48795811518324606	0.6554149085794656
403.0	0.8830552697181702	0.9978540772532188	0.4879328436516264	0.6553911205073996
404.0	0.8841989040374756	0.9978494623655914	0.48688352570828963	0.6544428772919605
405.0	0.88422691822052	0.9978448275862069	0.48736842105263156	0.654879773691655
406.0	0.8844093084335327	0.9978401727861771	0.48785638859556496	0.6553191489361702
407.0	0.8846928477287292	0.9978354978354979	0.4883474576271186	0.6557610241820768
408.0	0.8852262496948242	0.9978308026030369	0.4883227176220807	0.6557377049180328
409.0	0.8858661651611328	0.9978260869565218	0.48881789137380194	0.6561829878484631
410.0	0.88633131980896	0.9978213507625272	0.4893162393162393	0.6566308243727599
411.0	0.8865417242050171	0.9978165938864629	0.48877005347593583	0.656137832017229
412.0	0.8883687853813171	0.9978118161925602	0.4887459807073955	0.656115107913669
413.0	0.8885519504547119	0.9978070175438597	0.489247311827957	0.6565656565656566
414.0	0.8889397382736206	0.9978021978021978	0.48975188781014023	0.6570188133140377
415.0	0.8892396688461304	0.9977973568281938	0.4892008639308855	0.6565217391304348
416.0	0.8898999094963074	1.0	0.4892008639308855	0.6569978245105148
417.0	0.8901171088218689	1.0	0.48970747562296857	0.6574545454545454
418.0	0.8905015587806702	1.0	0.4902173913043478	0.6579139314369074
419.0	0.8909240365028381	1.0	0.49073064340239914	0.6583760058522312
420.0	0.8914922475814819	1.0	0.4907103825136612	0.6583577712609971
421.0	0.8917608857154846	1.0	0.49122807017543857	0.6588235294117647
422.0	0.8920585513114929	1.0	0.4912087912087912	0.6588061901252763
423.0	0.8922670483589172	1.0	0.49064906490649063	0.6583025830258302
424.0	0.8934650421142578	1.0	0.4906284454244763	0.6582840236686391
425.0	0.8943825960159302	1.0	0.4895259095920617	0.6572908956328646
426.0	0.8951981663703918	1.0	0.488962472406181	0.6567828020756116
427.0	0.8963667154312134	1.0	0.4894795127353267	0.6572490706319702
428.0	0.8964589834213257	1.0	0.48891352549889133	0.6567386448250186
429.0	0.8967559337615967	1.0	0.489432703003337	0.6572068707991038
430.0	0.8968421816825867	1.0	0.48940914158305465	0.6571856287425151
431.0	0.8974117040634155	1.0	0.4893854748603352	0.6571642910727682
432.0	0.8975947499275208	1.0	0.4899103139013453	0.6576373212942062
433.0	0.8979571461677551	1.0	0.4904386951631046	0.6581132075471698
434.0	0.8986667394638062	1.0	0.4909706546275395	0.6585919757759273
435.0	0.8986806273460388	1.0	0.49150622876557193	0.6590736522399392
436.0	0.8989125490188599	1.0	0.4909297052154195	0.6585551330798479
437.0	0.8991314768791199	1.0	0.49035187287173665	0.658035034272658
438.0	0.8999857902526855	1.0	0.49032992036405004	0.6580152671755725
439.0	0.8999916911125183	1.0	0.4908675799086758	0.6584992343032159
440.0	0.9004958868026733	1.0	0.49140893470790376	0.6589861751152073
441.0	0.9005463123321533	1.0	0.49195402298850577	0.6594761171032357
442.0	0.9008397459983826	1.0	0.4925028835063437	0.6599690880989181
443.0	0.9012917280197144	1.0	0.4930555555555556	0.6604651162790698
444.0	0.9023622870445251	1.0	0.492468134414832	0.6599378881987578
445.0	0.9034494161605835	1.0	0.4930232558139535	0.660436137071651
446.0	0.9039828181266785	1.0	0.4935822637106184	0.6609375
447.0	0.9042116403579712	1.0	0.4929906542056075	0.6604068857589984
448.0	0.9051249623298645	1.0	0.49239766081871345	0.6598746081504702
449.0	0.9053391218185425	1.0	0.492379835873388	0.6598586017282011
450.0	0.9066572785377502	1.0	0.4912075029308324	0.6588050314465409
451.0	0.9080151319503784	1.0	0.49176470588235294	0.6593059936908517
452.0	0.9080177545547485	1.0	0.4923258559622196	0.6598101265822784
453.0	0.908031165599823	1.0	0.491725768321513	0.6592709984152139
454.0	0.9098150730133057	1.0	0.49228944246737844	0.6597774244833068
455.0	0.9098660349845886	1.0	0.4928571428571429	0.6602870813397129
456.0	0.9100347757339478	1.0	0.4922526817640048	0.659744408945687
457.0	0.9105324745178223	1.0	0.49282296650717705	0.6602564102564102
458.0	0.911066472530365	1.0	0.49221556886227547	0.6597110754414126
459.0	0.9112535715103149	1.0	0.49278846153846156	0.6602254428341384
460.0	0.9117943048477173	1.0	0.49336550060313633	0.6607431340872375
461.0	0.9118415117263794	1.0	0.4939467312348668	0.6612641815235007
462.0	0.9119569659233093	1.0	0.4927360774818402	0.6601784266017843
463.0	0.9130277633666992	1.0	0.4933171324422843	0.660699755899105
464.0	0.9132128953933716	1.0	0.4927007299270073	0.6601466992665036
465.0	0.9133484363555908	1.0	0.4932844932844933	0.660670482420278
466.0	0.9135759472846985	1.0	0.49387254901960786	0.6611977030352748
467.0	0.9137365818023682	1.0	0.49385749385749383	0.6611842105263158
468.0	0.9139048457145691	1.0	0.4932349323493235	0.6606260296540363
469.0	0.9144184589385986	1.0	0.49261083743842365	0.6600660066006601
470.0	0.9148550629615784	1.0	0.4919852034525277	0.6595041322314049
471.0	0.915154755115509	1.0	0.49257425742574257	0.6600331674958541
472.0	0.9157558083534241	1.0	0.493167701863354	0.6605657237936772
473.0	0.9159631133079529	1.0	0.4937655860349127	0.6611018363939899
474.0	0.9160128235816956	1.0	0.49375	0.6610878661087867
475.0	0.9164101481437683	1.0	0.49435382685069007	0.6616288832913518
476.0	0.916624903678894	1.0	0.49496221662468515	0.6621735467565291
477.0	0.9171547889709473	1.0	0.494949494949495	0.6621621621621622
478.0	0.917748749256134	1.0	0.4955640050697085	0.6627118644067796
479.0	0.9178130030632019	1.0	0.4961832061068702	0.6632653061224489
480.0	0.9180120825767517	1.0	0.49680715197956576	0.6638225255972696
481.0	0.9189824461936951	1.0	0.49743589743589745	0.6643835616438356
482.0	0.9190449714660645	1.0	0.4980694980694981	0.6649484536082474
483.0	0.9191399216651917	1.0	0.49870801033591733	0.6655172413793103
484.0	0.9195197820663452	1.0	0.49805950840879687	0.6649395509499136
485.0	0.9195770025253296	1.0	0.4987012987012987	0.6655112651646448
486.0	0.9202608466148376	1.0	0.49934810951760106	0.6660869565217391
487.0	0.9209569692611694	1.0	0.5	0.6666666666666666
488.0	0.9211950302124023	1.0	0.5	0.6666666666666666
489.0	0.9216164946556091	1.0	0.49934296977660975	0.666082383873795
490.0	0.9216582179069519	1.0	0.5	0.6666666666666666
491.0	0.9219163060188293	1.0	0.5006622516556292	0.6672550750220654
492.0	0.9219396114349365	1.0	0.5013297872340425	0.6678476527900797
493.0	0.9219651818275452	1.0	0.5020026702269693	0.6684444444444445
494.0	0.9231132864952087	1.0	0.5026809651474531	0.6690454950936664
495.0	0.92339688539505	1.0	0.5033647375504711	0.6696508504923904
496.0	0.9239547252655029	1.0	0.504054054054054	0.6702605570530098
497.0	0.9240645170211792	1.0	0.5047489823609227	0.6708746618575294
498.0	0.9249781966209412	1.0	0.5054495912806539	0.6714932126696833
499.0	0.9256134033203125	1.0	0.505464480874317	0.6715063520871143
500.0	0.9258681535720825	1.0	0.5061728395061729	0.6721311475409836
501.0	0.9263705611228943	1.0	0.5054945054945055	0.6715328467153284
502.0	0.92706298828125	1.0	0.5062068965517241	0.6721611721611721
503.0	0.9272074103355408	1.0	0.505524861878453	0.671559633027523
504.0	0.9282132983207703	1.0	0.5055401662049861	0.6715731370745169
505.0	0.9282144904136658	1.0	0.5062586926286509	0.6722068328716528
506.0	0.9283334016799927	1.0	0.5055710306406686	0.6716003700277522
507.0	0.9291852712631226	1.0	0.5062937062937063	0.6722376973073352
508.0	0.9296714067459106	1.0	0.5070224719101124	0.6728797763280522
509.0	0.9301937222480774	1.0	0.5077574047954866	0.6735266604303086
510.0	0.9302971363067627	1.0	0.5084985835694051	0.6741784037558686
511.0	0.9303869009017944	1.0	0.5078014184397163	0.6735653809971777
512.0	0.9305797219276428	1.0	0.5071022727272727	0.6729500471253534
513.0	0.9310194849967957	1.0	0.5078459343794579	0.67360454115421
514.0	0.9312018752098083	1.0	0.5085959885386819	0.674264007597341
515.0	0.9312899708747864	1.0	0.5093525179856115	0.674928503336511
516.0	0.9316186308860779	1.0	0.5101156069364162	0.675598086124402
517.0	0.9319267868995667	1.0	0.5108853410740203	0.6762728146013449
518.0	0.9330201148986816	1.0	0.5116618075801749	0.6769527483124397
519.0	0.9336540102958679	1.0	0.5124450951683748	0.6776379477250726
520.0	0.9336634874343872	1.0	0.513235294117647	0.6783284742468415
521.0	0.933691143989563	1.0	0.5140324963072378	0.6790243902439024
522.0	0.9337632060050964	1.0	0.5133136094674556	0.678396871945259
523.0	0.933963418006897	1.0	0.5141158989598811	0.6790971540726202
524.0	0.9348406195640564	1.0	0.5149253731343284	0.6798029556650247
525.0	0.9352625608444214	1.0	0.5149700598802395	0.6798418972332015
526.0	0.9355071783065796	1.0	0.5157894736842106	0.6805555555555556
527.0	0.9355353713035583	1.0	0.5166163141993958	0.6812749003984064
528.0	0.9360522031784058	1.0	0.5158850226928896	0.6806387225548902
529.0	0.9360541701316833	1.0	0.5167173252279635	0.6813627254509018
530.0	0.93607497215271	1.0	0.517557251908397	0.682092555331992
531.0	0.9367693662643433	1.0	0.5184049079754601	0.6828282828282829
532.0	0.9368218183517456	1.0	0.5192604006163328	0.6835699797160244
533.0	0.9370759129524231	1.0	0.5201238390092879	0.6843177189409368
534.0	0.9371548891067505	1.0	0.5193798449612403	0.6836734693877551
535.0	0.9386656284332275	1.0	0.5194401244167963	0.6837256908904811
536.0	0.9389536380767822	1.0	0.5203125	0.6844809866392599
537.0	0.9392030835151672	1.0	0.521193092621664	0.6852425180598556
538.0	0.9396563768386841	1.0	0.5220820189274448	0.6860103626943005
539.0	0.9396830201148987	1.0	0.5229793977812995	0.6867845993756504
540.0	0.9398249387741089	1.0	0.5230524642289348	0.686847599164927
541.0	0.9400471448898315	1.0	0.5239616613418531	0.6876310272536688
542.0	0.9403975605964661	1.0	0.5248796147672552	0.6884210526315789
543.0	0.9409925937652588	1.0	0.5258064516129032	0.6892177589852008
544.0	0.9411839246749878	1.0	0.526742301458671	0.6900212314225053
545.0	0.9412173628807068	1.0	0.5276872964169381	0.6908315565031983
546.0	0.9412500858306885	1.0	0.5286415711947627	0.6916488222698073
547.0	0.9413039684295654	1.0	0.5296052631578947	0.6924731182795698
548.0	0.941686749458313	1.0	0.528830313014827	0.6918103448275861
549.0	0.9417756199836731	1.0	0.5298013245033113	0.6926406926406927
550.0	0.942024827003479	1.0	0.5299003322259136	0.6927252985884907
551.0	0.9422044157981873	1.0	0.5291181364392679	0.6920565832426551
552.0	0.9425967931747437	1.0	0.5301003344481605	0.692896174863388
553.0	0.9427124857902527	1.0	0.5310924369747899	0.6937431394072449
554.0	0.9427192211151123	1.0	0.5320945945945946	0.6945975744211687
555.0	0.9429628252983093	1.0	0.533106960950764	0.6954595791805095
556.0	0.9432607293128967	1.0	0.532312925170068	0.6947835738068813
557.0	0.9433765411376953	1.0	0.5333333333333333	0.6956521739130436
558.0	0.9438037872314453	1.0	0.5325342465753424	0.6949720670391061
559.0	0.9438395500183105	1.0	0.5317324185248714	0.6942889137737962
560.0	0.9440015554428101	1.0	0.5327586206896552	0.6951631046119235
561.0	0.9440500140190125	1.0	0.5337954939341422	0.6960451977401131
562.0	0.9445595741271973	1.0	0.5329861111111112	0.695356738391846
563.0	0.945529043674469	1.0	0.5321739130434783	0.6946651532349603
564.0	0.9460135698318481	1.0	0.5332167832167832	0.6955530216647662
565.0	0.9461121559143066	1.0	0.5342706502636204	0.6964490263459335
566.0	0.9464943408966064	1.0	0.5343915343915344	0.6965517241379311
567.0	0.9467239379882812	1.0	0.5354609929078015	0.6974595842956121
568.0	0.9467278122901917	1.0	0.5365418894830659	0.6983758700696054
569.0	0.9467529654502869	1.0	0.5357142857142857	0.6976744186046512
570.0	0.9467646479606628	1.0	0.5348837209302325	0.6969696969696969
571.0	0.9473661780357361	1.0	0.5350089766606823	0.6970760233918128
572.0	0.9483177065849304	1.0	0.5341726618705036	0.6963657678780774
573.0	0.9484137296676636	1.0	0.5352622061482821	0.6972909305064783
574.0	0.948785662651062	1.0	0.5363636363636364	0.6982248520710059
575.0	0.9488146305084229	1.0	0.5355191256830601	0.697508896797153
576.0	0.9491293430328369	1.0	0.5366300366300366	0.698450536352801
577.0	0.9495866298675537	1.0	0.5377532228360957	0.6994011976047904
578.0	0.9496654272079468	1.0	0.5388888888888889	0.700361010830325
579.0	0.9497204422950745	1.0	0.5380333951762524	0.6996381182147166
580.0	0.9505259990692139	1.0	0.539179104477612	0.7006060606060607
581.0	0.9524492621421814	1.0	0.5403377110694184	0.7015834348355664
582.0	0.9525032639503479	1.0	0.5404896421845574	0.7017114914425427
583.0	0.9525784850120544	1.0	0.5416666666666666	0.7027027027027027
584.0	0.952924907207489	1.0	0.5428571428571428	0.7037037037037037
585.0	0.9529964327812195	1.0	0.5440613026819924	0.7047146401985112
586.0	0.9531511664390564	1.0	0.5452793834296724	0.7057356608478803
587.0	0.9531515836715698	1.0	0.5444015444015444	0.7050000000000001
588.0	0.9533780217170715	1.0	0.5445736434108527	0.7051442910915934
589.0	0.953940749168396	1.0	0.5447470817120622	0.7052896725440806
590.0	0.9550658464431763	1.0	0.543859649122807	0.7045454545454546
591.0	0.9556190371513367	1.0	0.5440313111545988	0.7046894803548795
592.0	0.9558573961257935	1.0	0.5452755905511811	0.7057324840764332
593.0	0.9564892053604126	1.0	0.5465346534653466	0.706786171574904
594.0	0.9565791487693787	1.0	0.547808764940239	0.7078507078507078
595.0	0.9567714333534241	1.0	0.5490981963927856	0.7089262613195343
596.0	0.9568243622779846	1.0	0.5481927710843374	0.708171206225681
597.0	0.9569894671440125	1.0	0.5494949494949495	0.7092568448500651
598.0	0.9569950103759766	1.0	0.5508130081300813	0.710353866317169
599.0	0.9570707678794861	1.0	0.5498981670061099	0.7095926412614979
600.0	0.9574097990989685	1.0	0.5489795918367347	0.7088274044795784
601.0	0.9576399922370911	1.0	0.5503080082135524	0.7099337748344372
602.0	0.9576406478881836	1.0	0.5493827160493827	0.7091633466135459
603.0	0.9580137729644775	1.0	0.5484536082474227	0.7083888149134487
604.0	0.9581015110015869	1.0	0.5475206611570248	0.7076101468624834
605.0	0.9581049680709839	1.0	0.5488565488565489	0.7087248322147651
606.0	0.9582281708717346	1.0	0.5502092050209205	0.7098515519568152
607.0	0.95831698179245	1.0	0.549266247379455	0.7090663058186739
608.0	0.9586713910102844	1.0	0.5483193277310925	0.7082767978290366
609.0	0.958743691444397	1.0	0.5473684210526316	0.707482993197279
610.0	0.9591596126556396	1.0	0.547568710359408	0.7076502732240437
611.0	0.9592320919036865	1.0	0.5477707006369427	0.7078189300411523
612.0	0.9593434929847717	1.0	0.5479744136460555	0.7079889807162534
613.0	0.9595953226089478	1.0	0.5493562231759657	0.7091412742382271
614.0	0.9596890807151794	1.0	0.550755939524838	0.7103064066852368
615.0	0.9598000049591064	1.0	0.5521739130434783	0.711484593837535
616.0	0.9599957466125488	1.0	0.55119825708061	0.7106741573033708
617.0	0.9603525400161743	1.0	0.5526315789473685	0.711864406779661
618.0	0.9605019688606262	1.0	0.5540838852097131	0.7130681818181819
619.0	0.9606921672821045	1.0	0.5530973451327433	0.7122507122507121
620.0	0.960723876953125	1.0	0.5521064301552107	0.7114285714285714
621.0	0.9607291221618652	1.0	0.5511111111111111	0.7106017191977078
622.0	0.9608702659606934	1.0	0.5501113585746102	0.7097701149425287
623.0	0.9608778357505798	1.0	0.5515695067264574	0.7109826589595376
624.0	0.9613251686096191	1.0	0.5518018018018018	0.7111756168359942
625.0	0.9614238142967224	1.0	0.5532879818594104	0.7124087591240876
626.0	0.9619102478027344	1.0	0.5547945205479452	0.7136563876651982
627.0	0.9619377851486206	1.0	0.5537757437070938	0.7128129602356407
628.0	0.9620464444160461	1.0	0.5552995391705069	0.7140740740740741
629.0	0.96207594871521	1.0	0.5555555555555556	0.7142857142857143
630.0	0.9622551798820496	1.0	0.5571095571095571	0.715568862275449
631.0	0.9623410105705261	1.0	0.5586854460093896	0.7168674698795181
632.0	0.9627769589424133	1.0	0.5576470588235294	0.7160120845921449
633.0	0.9630029201507568	1.0	0.5566037735849056	0.7151515151515151
634.0	0.9636284112930298	1.0	0.5555555555555556	0.7142857142857143
635.0	0.9638571739196777	1.0	0.5571428571428572	0.7155963302752294
636.0	0.9639196395874023	1.0	0.5574162679425837	0.7158218125960062
637.0	0.9649306535720825	1.0	0.5590361445783133	0.7171561051004638
638.0	0.9650731086730957	1.0	0.5606796116504854	0.71850699844479
639.0	0.9653444290161133	1.0	0.559610705596107	0.7176287051482059
640.0	0.9657915234565735	1.0	0.5612745098039216	0.7189952904238619
641.0	0.9664693474769592	1.0	0.5601965601965602	0.7181102362204724
642.0	0.9664801359176636	1.0	0.5618811881188119	0.7194928684627576
643.0	0.9670484662055969	1.0	0.5635910224438903	0.7208931419457735
644.0	0.9671551585197449	1.0	0.5625	0.72
645.0	0.9674497246742249	1.0	0.5642317380352645	0.7214170692431563
646.0	0.9675828814506531	1.0	0.5631313131313131	0.7205169628432957
647.0	0.9680196046829224	1.0	0.5620253164556962	0.7196110210696921
648.0	0.968216598033905	1.0	0.5637755102040817	0.7210440456769983
649.0	0.9682983160018921	1.0	0.5655526992287918	0.722495894909688
650.0	0.9684033989906311	1.0	0.5644329896907216	0.7215815485996705
651.0	0.9689278602600098	1.0	0.5647668393782384	0.7218543046357616
652.0	0.9689963459968567	1.0	0.5636363636363636	0.7209302325581396
653.0	0.9693194627761841	1.0	0.5625	0.72
654.0	0.9693626165390015	1.0	0.5643044619422573	0.7214765100671141
655.0	0.9694905877113342	1.0	0.5646437994722955	0.7217537942664418
656.0	0.9697384238243103	1.0	0.5649867374005305	0.7220338983050847
657.0	0.9700710773468018	1.0	0.5638297872340425	0.7210884353741497
658.0	0.9708236455917358	1.0	0.5656836461126006	0.7226027397260274
659.0	0.9709059000015259	1.0	0.5645161290322581	0.7216494845360826
660.0	0.9710023403167725	1.0	0.5648648648648649	0.7219343696027634
661.0	0.9711024165153503	1.0	0.5652173913043478	0.7222222222222222
662.0	0.9712141156196594	1.0	0.5671232876712329	0.7237762237762237
663.0	0.9717583656311035	1.0	0.5674931129476584	0.7240773286467487
664.0	0.9720781445503235	1.0	0.5678670360110804	0.724381625441696
665.0	0.9722382426261902	1.0	0.5682451253481894	0.724689165186501
666.0	0.9722456932067871	1.0	0.5670391061452514	0.7237076648841354
667.0	0.9723781943321228	1.0	0.5674157303370787	0.7240143369175627
668.0	0.9725426435470581	1.0	0.5677966101694916	0.7243243243243244
669.0	0.9725513458251953	1.0	0.56657223796034	0.7233273056057866
670.0	0.9725723266601562	1.0	0.5669515669515669	0.7236363636363635
671.0	0.9728652238845825	1.0	0.5689655172413793	0.7252747252747253
672.0	0.9730315208435059	1.0	0.569364161849711	0.725598526703499
673.0	0.9731802940368652	1.0	0.5681159420289855	0.7245841035120147
674.0	0.9732978343963623	1.0	0.5668604651162791	0.7235621521335808
675.0	0.9736847281455994	1.0	0.565597667638484	0.7225325884543762
676.0	0.973956286907196	1.0	0.564327485380117	0.7214953271028037
677.0	0.9742971062660217	1.0	0.5630498533724341	0.7204502814258913
678.0	0.9743069410324097	1.0	0.5617647058823529	0.71939736346516
679.0	0.9744388461112976	1.0	0.5637982195845698	0.7210626185958254
680.0	0.974575936794281	1.0	0.564179104477612	0.7213740458015268
681.0	0.9749209880828857	1.0	0.5645645645645646	0.7216890595009596
682.0	0.9749400019645691	1.0	0.5632530120481928	0.720616570327553
683.0	0.9750137329101562	1.0	0.5619335347432024	0.7195357833655706
684.0	0.9752392768859863	1.0	0.5606060606060606	0.7184466019417475
685.0	0.9753734469413757	1.0	0.5609756097560976	0.71875
686.0	0.9754623770713806	1.0	0.5613496932515337	0.7190569744597248
687.0	0.9755745530128479	1.0	0.56	0.717948717948718
688.0	0.9755761623382568	1.0	0.558641975308642	0.7168316831683169
689.0	0.9758238792419434	1.0	0.5572755417956656	0.7157057654075547
690.0	0.9762105941772461	1.0	0.5559006211180124	0.7145708582834331
691.0	0.9764540791511536	1.0	0.55625	0.7148594377510041
692.0	0.9764853119850159	1.0	0.554858934169279	0.7137096774193548
693.0	0.976628303527832	1.0	0.555205047318612	0.7139959432048681
694.0	0.9767700433731079	1.0	0.5537974683544303	0.7128309572301426
695.0	0.9767888784408569	1.0	0.554140127388535	0.7131147540983606
696.0	0.9769858121871948	1.0	0.5544871794871795	0.7134020618556701
697.0	0.9770981073379517	1.0	0.5548387096774193	0.7136929460580913
698.0	0.977099597454071	1.0	0.5533980582524272	0.7125
699.0	0.9771416783332825	1.0	0.5537459283387622	0.7127882599580713
700.0	0.9772412776947021	1.0	0.5540983606557377	0.7130801687763713
701.0	0.9778689742088318	1.0	0.5544554455445545	0.713375796178344
702.0	0.9778741598129272	1.0	0.5529801324503312	0.7121535181236675
703.0	0.9780592918395996	1.0	0.5533333333333333	0.7124463519313305
704.0	0.9780897498130798	1.0	0.5536912751677853	0.7127429805615552
705.0	0.9783104658126831	1.0	0.5540540540540541	0.7130434782608697
706.0	0.9783890843391418	1.0	0.5525423728813559	0.7117903930131004
707.0	0.9786201119422913	1.0	0.5510204081632653	0.7105263157894737
708.0	0.9786943197250366	1.0	0.5532646048109966	0.7123893805309734
709.0	0.9787634015083313	1.0	0.5555555555555556	0.7142857142857143
710.0	0.9788733720779419	1.0	0.5559440559440559	0.7146067415730337
711.0	0.9790163040161133	1.0	0.5563380281690141	0.7149321266968327
712.0	0.9791672825813293	1.0	0.5567375886524822	0.715261958997722
713.0	0.9792345762252808	1.0	0.5571428571428572	0.7155963302752294
714.0	0.979410707950592	1.0	0.5575539568345323	0.7159353348729791
715.0	0.9795364141464233	1.0	0.5579710144927537	0.7162790697674419
716.0	0.9797864556312561	1.0	0.5563636363636364	0.7149532710280374
717.0	0.9798589944839478	1.0	0.5567765567765568	0.7152941176470589
718.0	0.979917049407959	1.0	0.5551470588235294	0.7139479905437353
719.0	0.9799818992614746	1.0	0.5555555555555556	0.7142857142857143
720.0	0.9800736308097839	1.0	0.5539033457249071	0.7129186602870814
721.0	0.9801132082939148	1.0	0.5543071161048689	0.7132530120481928
722.0	0.9807337522506714	1.0	0.5547169811320755	0.7135922330097086
723.0	0.9813489317893982	1.0	0.553030303030303	0.7121951219512195
724.0	0.9815032482147217	1.0	0.5534351145038168	0.7125307125307125
725.0	0.9815574884414673	1.0	0.5538461538461539	0.712871287128713
726.0	0.9815849661827087	1.0	0.5521235521235521	0.7114427860696517
727.0	0.9820711016654968	1.0	0.5525291828793775	0.711779448621554
728.0	0.9822338223457336	1.0	0.5529411764705883	0.7121212121212122
729.0	0.9823969602584839	1.0	0.5533596837944664	0.712468193384224
730.0	0.9826272130012512	1.0	0.5515873015873016	0.710997442455243
731.0	0.9826566576957703	1.0	0.552	0.711340206185567
732.0	0.9828810691833496	1.0	0.5524193548387096	0.7116883116883117
733.0	0.982971727848053	1.0	0.5528455284552846	0.712041884816754
734.0	0.9830202460289001	1.0	0.5510204081632653	0.7105263157894737
735.0	0.9831182956695557	1.0	0.551440329218107	0.7108753315649868
736.0	0.9834710359573364	1.0	0.5541666666666667	0.7131367292225201
737.0	0.983525276184082	1.0	0.5546218487394958	0.7135135135135136
738.0	0.9835304021835327	1.0	0.5574468085106383	0.7158469945355191
739.0	0.9836679100990295	1.0	0.5579399141630901	0.7162534435261707
740.0	0.9837309718132019	1.0	0.5584415584415584	0.7166666666666666
741.0	0.9841114282608032	1.0	0.5589519650655022	0.7170868347338936
742.0	0.9843835830688477	1.0	0.5594713656387665	0.7175141242937852
743.0	0.9845951199531555	1.0	0.56	0.717948717948718
744.0	0.9847510457038879	1.0	0.5605381165919282	0.7183908045977011
745.0	0.984766960144043	1.0	0.5610859728506787	0.7188405797101449
746.0	0.9850103259086609	1.0	0.5590909090909091	0.717201166180758
747.0	0.9851353764533997	1.0	0.5596330275229358	0.7176470588235294
748.0	0.9852781891822815	1.0	0.5601851851851852	0.7181008902077152
749.0	0.9854688048362732	1.0	0.5581395348837209	0.7164179104477612
750.0	0.9858880043029785	1.0	0.5586854460093896	0.7168674698795181
751.0	0.9861071705818176	1.0	0.5566037735849056	0.7151515151515151
752.0	0.9861429929733276	1.0	0.5545023696682464	0.7134146341463413
753.0	0.9861451387405396	1.0	0.5523809523809524	0.7116564417177914
754.0	0.9862490892410278	1.0	0.5528846153846154	0.7120743034055728
755.0	0.9862627387046814	1.0	0.5533980582524272	0.7125
756.0	0.9863461256027222	1.0	0.553921568627451	0.7129337539432177
757.0	0.9863477349281311	1.0	0.5517241379310345	0.7111111111111111
758.0	0.9863612055778503	1.0	0.5522388059701493	0.7115384615384616
759.0	0.9865546822547913	1.0	0.55	0.7096774193548387
760.0	0.9867478013038635	1.0	0.5505050505050505	0.7100977198697068
761.0	0.9868866801261902	1.0	0.5482233502538071	0.7081967213114755
762.0	0.986950695514679	1.0	0.5459183673469388	0.7062706270627063
763.0	0.9870185852050781	1.0	0.5463917525773195	0.7066666666666667
764.0	0.9871337413787842	1.0	0.546875	0.7070707070707071
765.0	0.9871549010276794	1.0	0.5473684210526316	0.707482993197279
766.0	0.98717200756073	1.0	0.5478723404255319	0.7079037800687286
767.0	0.9872233271598816	1.0	0.5483870967741935	0.7083333333333333
768.0	0.9873331785202026	1.0	0.5459459459459459	0.7062937062937062
769.0	0.9874641299247742	1.0	0.546448087431694	0.7067137809187279
770.0	0.9874988198280334	1.0	0.5469613259668509	0.7071428571428572
771.0	0.9875427484512329	1.0	0.547486033519553	0.7075812274368231
772.0	0.9875484704971313	1.0	0.5480225988700564	0.7080291970802919
773.0	0.9876203536987305	1.0	0.5485714285714286	0.7084870848708488
774.0	0.9877087473869324	1.0	0.5491329479768786	0.7089552238805971
775.0	0.9877239465713501	1.0	0.5497076023391813	0.7094339622641509
776.0	0.9880265593528748	1.0	0.5502958579881657	0.7099236641221375
777.0	0.9881038069725037	1.0	0.5508982035928144	0.7104247104247104
778.0	0.9881829619407654	1.0	0.5481927710843374	0.708171206225681
779.0	0.988247811794281	1.0	0.5487804878048781	0.7086614173228347
780.0	0.9882976412773132	1.0	0.5460122699386503	0.7063492063492063
781.0	0.9883370995521545	1.0	0.5432098765432098	0.704
782.0	0.9883790016174316	1.0	0.54375	0.7044534412955465
783.0	0.9884246587753296	1.0	0.5408805031446541	0.7020408163265307
784.0	0.9884335994720459	1.0	0.5414012738853503	0.7024793388429752
785.0	0.9884507656097412	1.0	0.5419354838709678	0.7029288702928871
786.0	0.9885878562927246	1.0	0.5424836601307189	0.7033898305084746
787.0	0.988594651222229	1.0	0.543046357615894	0.7038626609442059
788.0	0.9888265132904053	1.0	0.5436241610738255	0.7043478260869566
789.0	0.9888623356819153	1.0	0.547945205479452	0.7079646017699115
790.0	0.9888891577720642	1.0	0.5448275862068965	0.7053571428571428
791.0	0.9889760613441467	1.0	0.5454545454545454	0.7058823529411764
792.0	0.989055871963501	1.0	0.5422535211267606	0.7031963470319635
793.0	0.989083468914032	1.0	0.5428571428571428	0.7037037037037037
794.0	0.9891497492790222	1.0	0.5434782608695652	0.704225352112676
795.0	0.9891965985298157	1.0	0.5441176470588235	0.7047619047619048
796.0	0.9891979098320007	1.0	0.5447761194029851	0.7053140096618358
797.0	0.989210844039917	1.0	0.5413533834586466	0.7024390243902439
798.0	0.9893120527267456	1.0	0.5378787878787878	0.6995073891625615
799.0	0.9894989728927612	1.0	0.5384615384615384	0.7000000000000001
800.0	0.9895132780075073	1.0	0.5390625	0.700507614213198
801.0	0.9896281361579895	1.0	0.5354330708661418	0.6974358974358975
802.0	0.9896285533905029	1.0	0.536	0.6979166666666667
803.0	0.9897782802581787	1.0	0.5365853658536586	0.6984126984126985
804.0	0.9897825121879578	1.0	0.5371900826446281	0.6989247311827956
805.0	0.9899198412895203	1.0	0.5378151260504201	0.6994535519125683
806.0	0.9900653958320618	1.0	0.5384615384615384	0.7000000000000001
807.0	0.9901275634765625	1.0	0.5391304347826087	0.7005649717514124
808.0	0.9902757406234741	1.0	0.5398230088495575	0.7011494252873562
809.0	0.9902942180633545	1.0	0.5405405405405406	0.7017543859649124
810.0	0.9904209971427917	1.0	0.5363636363636364	0.6982248520710059
811.0	0.9904563426971436	1.0	0.5370370370370371	0.6987951807228916
812.0	0.9904597401618958	1.0	0.5377358490566038	0.6993865030674846
813.0	0.9906046390533447	1.0	0.5333333333333333	0.6956521739130436
814.0	0.9906298518180847	1.0	0.5339805825242718	0.6962025316455696
815.0	0.9906327724456787	1.0	0.5346534653465347	0.6967741935483871
816.0	0.9909395575523376	1.0	0.5353535353535354	0.6973684210526315
817.0	0.9909690618515015	1.0	0.5360824742268041	0.697986577181208
818.0	0.9910070896148682	1.0	0.5368421052631579	0.6986301369863014
819.0	0.9910339713096619	1.0	0.5319148936170213	0.6944444444444444
820.0	0.9910763502120972	1.0	0.5268817204301075	0.6901408450704225
821.0	0.9911444187164307	1.0	0.5274725274725275	0.6906474820143885
822.0	0.9911611080169678	1.0	0.5280898876404494	0.6911764705882353
823.0	0.9912791848182678	1.0	0.5287356321839081	0.6917293233082707
824.0	0.9913845658302307	1.0	0.5294117647058824	0.6923076923076924
825.0	0.9915016889572144	1.0	0.5301204819277109	0.6929133858267718
826.0	0.9915409684181213	1.0	0.5308641975308642	0.6935483870967741
827.0	0.9915691614151001	1.0	0.5316455696202531	0.6942148760330578
828.0	0.9915977120399475	1.0	0.5256410256410257	0.689075630252101
829.0	0.9916208982467651	1.0	0.5194805194805194	0.6837606837606837
830.0	0.9916321039199829	1.0	0.52	0.6842105263157895
831.0	0.9916591048240662	1.0	0.5205479452054794	0.6846846846846847
832.0	0.9917524456977844	1.0	0.5211267605633803	0.6851851851851851
833.0	0.9919722676277161	1.0	0.5217391304347826	0.6857142857142856
834.0	0.9922475218772888	1.0	0.5223880597014925	0.6862745098039216
835.0	0.9922858476638794	1.0	0.5230769230769231	0.686868686868687
836.0	0.9923012852668762	1.0	0.5238095238095238	0.6875000000000001
837.0	0.9923242926597595	1.0	0.5245901639344263	0.6881720430107526
838.0	0.99233478307724	1.0	0.5166666666666667	0.6813186813186815
839.0	0.9923954010009766	1.0	0.5084745762711864	0.6741573033707865
840.0	0.9923956990242004	1.0	0.5087719298245614	0.6744186046511628
841.0	0.9924115538597107	1.0	0.509090909090909	0.6746987951807228
842.0	0.9924207925796509	1.0	0.5094339622641509	0.6749999999999999
843.0	0.992577314376831	1.0	0.5098039215686274	0.6753246753246753
844.0	0.9926570653915405	1.0	0.5102040816326531	0.6756756756756758
845.0	0.9928743243217468	1.0	0.5106382978723404	0.676056338028169
846.0	0.9930790662765503	1.0	0.5111111111111111	0.676470588235294
847.0	0.9930825233459473	1.0	0.5116279069767442	0.676923076923077
848.0	0.9931374192237854	1.0	0.5121951219512195	0.6774193548387097
849.0	0.9932434558868408	1.0	0.5128205128205128	0.6779661016949152
850.0	0.9933446645736694	1.0	0.5135135135135135	0.6785714285714285
851.0	0.9933777451515198	1.0	0.5142857142857142	0.6792452830188679
852.0	0.9935832023620605	1.0	0.5151515151515151	0.6799999999999999
853.0	0.9938591718673706	1.0	0.5161290322580645	0.6808510638297872
854.0	0.9939271807670593	1.0	0.5172413793103449	0.6818181818181819
855.0	0.9939403533935547	1.0	0.5	0.6666666666666666
856.0	0.9940153956413269	1.0	0.5	0.6666666666666666
857.0	0.9940172433853149	1.0	0.5	0.6666666666666666
858.0	0.9940557479858398	1.0	0.5	0.6666666666666666
859.0	0.9941439628601074	1.0	0.5	0.6666666666666666
860.0	0.9942278861999512	1.0	0.5	0.6666666666666666
861.0	0.9944330453872681	1.0	0.5	0.6666666666666666
862.0	0.9945158362388611	1.0	0.5	0.6666666666666666
863.0	0.9945376515388489	1.0	0.5	0.6666666666666666
864.0	0.9948691725730896	1.0	0.5	0.6666666666666666
865.0	0.9948789477348328	1.0	0.5	0.6666666666666666
866.0	0.9948941469192505	1.0	0.5	0.6666666666666666
867.0	0.9952542781829834	1.0	0.5	0.6666666666666666
868.0	0.9952942728996277	1.0	0.5	0.6666666666666666
